{
  "efficientnet": {
    "domain": "fake_prob",
    "a": 5.0120693245065056,
    "b": -2.569286101442961,
    "auc": 0.76363125,
    "raw_acc": 0.685,
    "cal_acc": 0.68875
  },
  "f3net": {
    "domain": "logit_diff",
    "a": 0.7679882291572326,
    "b": 1.7890506146330976,
    "auc": 0.9583375,
    "raw_acc": 0.83,
    "cal_acc": 0.8875
  },
  "_note": "Calibrated 1-D Platt scaling. Domain says whether `a*x+b` operates on raw fake_prob (efficientnet) or logit[0]-logit[1] (f3net)."
}